success,model,sample,local_steps,local_psnr,local_conf_c1,local_conf_c2,remote_steps,remote_psnr,s1_label,s2_label,s1_conf_c1,s1_conf_c2,s2_conf_c1,s2_conf_c2
True,fmnist,0,171,50.250373267867126,0.500002920627594,0.49999338388442993,54,50.25034272265508,4,6,0.49999839067459106,0.49999791383743286,0.5000010132789612,0.49999529123306274
True,fmnist,1,158,76.56207191265085,0.5000047087669373,0.4999951720237732,109,76.5630840067361,6,4,0.5000001788139343,0.4999997019767761,0.5000006556510925,0.4999992251396179
True,fmnist,2,186,50.142682397353326,0.4997893273830414,0.4997802674770355,67,50.142657498387194,7,9,0.49978479743003845,0.49978479743003845,0.49978479743003845,0.4997847378253937
True,fmnist,3,114,59.89027524265295,0.5000041127204895,0.49999552965164185,30,59.89024395061746,7,9,0.5000014901161194,0.49999815225601196,0.5000000596046448,0.4999995827674866
True,fmnist,4,145,47.16775456311265,0.49877792596817017,0.498769611120224,15,47.16774962488695,0,5,0.49877414107322693,0.4987734258174896,0.4987761676311493,0.49877139925956726
False,fmnist,5,0,None,1.0,1.3571012758006873e-08,None,None,None,None,None,None,None,None
True,fmnist,6,231,45.2003497962836,0.5000038743019104,0.49999529123306274,42,45.200342471292096,0,2,0.5000022053718567,0.49999696016311646,0.4999998211860657,0.49999934434890747
False,fmnist,7,0,None,1.0,2.3760152956242564e-08,None,None,None,None,None,None,None,None
True,fmnist,8,311,38.70772875944749,0.4968368411064148,0.49682730436325073,208,38.707725474146095,9,7,0.4968321919441223,0.4968317747116089,0.496833473443985,0.4968305230140686
True,fmnist,9,172,53.19147779419972,0.500004768371582,0.49999523162841797,70,53.19142219951685,2,4,0.5,0.5,0.5000014305114746,0.4999985694885254
True,fmnist,10,229,47.47206202299772,0.49999988079071045,0.4999905824661255,93,47.472041719189654,2,0,0.4999953508377075,0.4999951124191284,0.4999960660934448,0.4999943971633911
False,fmnist,11,0,None,1.0,3.108871737822483e-08,None,None,None,None,None,None,None,None
True,fmnist,12,121,60.71573458197446,0.49997973442077637,0.4999704360961914,70,60.71562192883674,6,2,0.499975323677063,0.4999748468399048,0.4999774694442749,0.49997270107269287
True,fmnist,13,192,44.3839175620348,0.49355587363243103,0.4935475289821625,29,44.383911058833974,4,3,0.49355176091194153,0.4935515522956848,0.4935537278652191,0.4935496747493744
False,fmnist,14,0,None,1.0,1.574352026523229e-08,None,None,None,None,None,None,None,None
True,fmnist,15,200,46.454455366042524,0.49281856417655945,0.49280858039855957,43,46.45444174770972,0,6,0.49281376600265503,0.4928134083747864,0.49281609058380127,0.49281102418899536
True,fmnist,16,162,50.68146178973066,0.4994101822376251,0.49940112233161926,38,50.68144191971883,7,5,0.4994061589241028,0.4994052052497864,0.49940574169158936,0.4994056224822998
True,fmnist,18,146,51.2101801538853,0.4999645948410034,0.49995696544647217,31,51.21016736690649,2,6,0.49996256828308105,0.49995899200439453,0.49996089935302734,0.49996066093444824
False,fmnist,19,0,None,1.0,1.7147090858316005e-08,None,None,None,None,None,None,None,None
True,fmnist,20,116,72.42010288548198,0.49285411834716797,0.49284467101097107,73,72.41977318487957,0,2,0.49284955859184265,0.4928491413593292,0.4928521513938904,0.49284645915031433
True,fmnist,21,225,45.05048599669089,0.5000047087669373,0.4999951720237732,61,45.05047588735641,6,4,0.5000001788139343,0.4999997019767761,0.5000006556510925,0.4999992251396179
True,fmnist,22,164,49.39611278412488,0.5000045895576477,0.49999505281448364,40,49.39609250511434,6,4,0.5000000596046448,0.4999995827674866,0.5000012516975403,0.49999839067459106
True,fmnist,23,149,52.80682728516892,0.5000041723251343,0.4999955892562866,68,52.80678281006196,4,2,0.5000019073486328,0.4999978542327881,0.49999988079071045,0.49999988079071045
True,fmnist,24,118,64.03346971321332,0.4715576171875,0.4715484082698822,60,64.03335254578789,3,2,0.4715532660484314,0.4715530276298523,0.4715534746646881,0.4715525507926941
False,fmnist,25,0,None,1.0,3.8184149175890525e-09,None,None,None,None,None,None,None,None
True,fmnist,26,216,42.290874859449886,0.4986088275909424,0.4985991418361664,95,42.290869772173785,7,9,0.4986051023006439,0.498602956533432,0.4986041486263275,0.49860385060310364
True,fmnist,27,283,45.518388918564696,0.5000033974647522,0.49999433755874634,68,45.51837428143287,4,2,0.5000002980232239,0.49999743700027466,0.49999910593032837,0.49999862909317017
True,fmnist,28,116,66.43581504916926,0.4999930262565613,0.4999837279319763,25,66.43577348918558,2,6,0.49998849630355835,0.4999883770942688,0.49999040365219116,0.499986469745636
True,fmnist,29,158,54.13414371803542,0.4999964237213135,0.4999873638153076,78,54.13409971677551,2,4,0.49999189376831055,0.49999189376831055,0.4999960660934448,0.49998772144317627
False,fmnist,30,0,None,1.0,9.91570647812523e-09,None,None,None,None,None,None,None,None
True,fmnist,31,96,69.75702010715648,0.49999797344207764,0.4999889135360718,33,69.7567647948123,5,7,0.49999499320983887,0.49999189376831055,0.49999380111694336,0.49999308586120605
True,fmnist,32,285,46.84343482200692,0.4850956201553345,0.48508647084236145,200,46.84341038000834,9,7,0.4850926399230957,0.48508939146995544,0.48509112000465393,0.4850909411907196
True,fmnist,33,250,43.22236519646853,0.499661386013031,0.4996514916419983,114,43.22235524237418,5,7,0.49965834617614746,0.49965453147888184,0.4996564984321594,0.4996562600135803
True,fmnist,34,227,48.944327316501585,0.49160608649253845,0.49159637093544006,44,48.94431213857186,4,2,0.4916044771671295,0.4915979206562042,0.4916013777256012,0.4916011393070221
True,fmnist,35,155,57.65168911431705,0.4996153712272644,0.49960559606552124,73,57.65160573521031,2,4,0.49961042404174805,0.49961042404174805,0.49961090087890625,0.49960994720458984
True,fmnist,36,131,51.38221060338418,0.499755322933197,0.49974578619003296,40,51.38218806864608,3,6,0.49975186586380005,0.49974924325942993,0.499750554561615,0.4997504949569702
True,fmnist,37,239,43.494392434323586,0.49974995851516724,0.4997408986091614,67,43.49438430955221,3,2,0.4997468590736389,0.4997439980506897,0.4997454285621643,0.4997454285621643
False,fmnist,38,0,None,1.0,1.4427206096456757e-09,None,None,None,None,None,None,None,None
True,fmnist,39,157,47.02973450454313,0.5000047087669373,0.4999949336051941,33,47.029718160068306,7,9,0.5000001788139343,0.499999463558197,0.5000000596046448,0.4999995827674866
True,fmnist,40,152,46.877116413691866,0.49904826283454895,0.49903973937034607,14,46.87711102536555,9,5,0.4990443289279938,0.49904346466064453,0.49904486536979675,0.49904298782348633
True,fmnist,41,177,45.82620441282289,0.4993513822555542,0.4993414282798767,47,45.82619655670708,6,3,0.4993465840816498,0.49934622645378113,0.4993486702442169,0.499344140291214
True,fmnist,42,188,50.880248693444905,0.4999879002571106,0.49997860193252563,74,50.88021773438388,6,0,0.49998337030410767,0.49998313188552856,0.49998635053634644,0.4999801516532898
True,fmnist,43,111,60.43167669169566,0.4988289475440979,0.498820036649704,82,60.431615887437516,0,2,0.4988246262073517,0.4988243877887726,0.4988250434398651,0.49882397055625916
True,fmnist,44,151,57.12452706590399,0.4853459596633911,0.4853364825248718,75,57.12447206140602,0,2,0.48534271121025085,0.4853399395942688,0.48534151911735535,0.4853411614894867
False,fmnist,45,0,None,1.0,5.804050928759352e-08,None,None,None,None,None,None,None,None
False,fmnist,46,0,None,1.0,1.1421248835574715e-08,None,None,None,None,None,None,None,None
False,fmnist,47,0,None,1.0,1.0300505240423696e-11,None,None,None,None,None,None,None,None
False,fmnist,48,0,None,1.0,2.3832864570749734e-08,None,None,None,None,None,None,None,None
True,fmnist,49,195,50.161938099173156,0.4999673366546631,0.4999580383300781,45,50.161920469434726,6,4,0.4999650716781616,0.4999603033065796,0.4999629259109497,0.4999624490737915
True,fmnist,50,136,55.80129915556566,0.4999275207519531,0.49991893768310547,64,55.80126685937908,2,6,0.49992573261260986,0.49992072582244873,0.49992382526397705,0.49992263317108154
True,fmnist,51,94,54.74181787399961,0.4992612898349762,0.49925175309181213,26,54.74179521734035,0,2,0.499257355928421,0.4992556869983673,0.4992568790912628,0.4992561638355255
True,fmnist,52,133,73.93159287413528,0.5000038743019104,0.49999576807022095,75,73.93125410812124,0,6,0.500001847743988,0.4999977946281433,0.4999999403953552,0.4999997019767761
True,fmnist,53,260,45.774824414653274,0.49984270334243774,0.4998331665992737,80,45.77480201934394,9,7,0.4998394846916199,0.49983638525009155,0.49983829259872437,0.49983757734298706
True,fmnist,54,254,43.39475799816748,0.5000032782554626,0.4999935030937195,150,43.39474833147676,4,6,0.49999839067459106,0.49999839067459106,0.4999997019767761,0.499997079372406
False,fmnist,55,0,None,1.0,3.546008375820975e-09,None,None,None,None,None,None,None,None
True,fmnist,56,286,42.348816874799375,0.4598468840122223,0.4598371088504791,146,42.348808191681286,5,7,0.4598425626754761,0.45984065532684326,0.4598419666290283,0.45984169840812683
False,fmnist,57,0,None,1.0,5.084540788402592e-09,None,None,None,None,None,None,None,None
True,fmnist,58,109,79.48969761271107,0.48897263407707214,0.488963782787323,63,79.4905352226632,6,0,0.4889684021472931,0.48896780610084534,0.4889703392982483,0.488965779542923
False,fmnist,59,0,None,1.0,3.5634333261924667e-09,None,None,None,None,None,None,None,None
True,fmnist,60,159,44.73073981540341,0.4999564290046692,0.4999468922615051,26,44.73073371074307,6,1,0.4999517798423767,0.4999515414237976,0.49995356798171997,0.49994975328445435
False,fmnist,61,0,None,1.0,1.7671963892240683e-09,None,None,None,None,None,None,None,None
True,fmnist,62,160,46.54486459859652,0.4993405044078827,0.4993308484554291,19,46.54485497218944,5,7,0.4993361234664917,0.49933528900146484,0.49933725595474243,0.4993341565132141
True,fmnist,63,196,44.0693026129515,0.4998267889022827,0.4998178482055664,63,44.069295354451526,6,2,0.4998224377632141,0.499822199344635,0.4998236894607544,0.4998209476470947
True,fmnist,64,201,46.483917643912235,0.4987107515335083,0.4987014830112457,71,46.483901120365374,4,6,0.4987068474292755,0.4987054169178009,0.49870625138282776,0.49870601296424866
True,fmnist,65,155,52.08506760947705,0.5000011920928955,0.49999213218688965,49,52.08504590401289,6,0,0.499997615814209,0.49999570846557617,0.49999701976776123,0.4999963045120239
True,fmnist,66,181,54.63062694440125,0.5000045895576477,0.49999529123306274,116,54.6305865050408,2,6,0.5000004172325134,0.499999463558197,0.5000001788139343,0.4999997019767761
True,fmnist,67,163,56.16011149432637,0.4669136106967926,0.4669039249420166,67,56.16005724622145,2,6,0.46690866351127625,0.46690866351127625,0.46691209077835083,0.4669059216976166
True,fmnist,68,200,48.06866423175716,0.5000045895576477,0.49999529123306274,72,48.06865055938145,4,6,0.4999999403953552,0.4999999403953552,0.5000016093254089,0.4999982714653015
False,fmnist,69,0,None,1.0,2.2566029600490367e-10,None,None,None,None,None,None,None,None
True,fmnist,70,155,47.083271680869586,0.4948427677154541,0.494833379983902,25,47.08326441623471,2,1,0.494838148355484,0.4948379099369049,0.49483978748321533,0.49483630061149597
True,fmnist,71,110,57.95420618288311,0.49994200468063354,0.4999331831932068,29,57.954152546228514,7,5,0.4999393820762634,0.4999358057975769,0.49993807077407837,0.49993711709976196
True,fmnist,72,190,46.53948961086048,0.4999147057533264,0.49990564584732056,71,46.53947572325552,2,6,0.4999103248119354,0.4999100863933563,0.4999132454395294,0.49990716576576233
True,fmnist,73,162,50.06042198054355,0.49979397654533386,0.4997851550579071,55,50.060406360202606,2,6,0.4997898042201996,0.4997893273830414,0.49978986382484436,0.4997892677783966
True,fmnist,74,110,52.09549301601987,0.4991512894630432,0.49914297461509705,23,52.0954725382461,6,3,0.4991476237773895,0.4991467297077179,0.4991476237773895,0.4991466999053955
False,fmnist,75,0,None,1.0,7.254098655096186e-09,None,None,None,None,None,None,None,None
True,fmnist,76,325,43.22624438442388,0.4999654293060303,0.4999563694000244,225,43.226228111552906,2,4,0.49996280670166016,0.49995899200439453,0.49996113777160645,0.49996066093444824
True,fmnist,77,160,61.40869095490662,0.5000045299530029,0.49999475479125977,60,61.40859978735313,6,4,0.5000009536743164,0.4999983310699463,0.49999964237213135,0.49999964237213135
True,fmnist,78,12,73.98025729195828,0.49761030077934265,0.4976012706756592,77,73.98061147734519,4,6,0.49760735034942627,0.4976041615009308,0.4976058304309845,0.49760571122169495
True,fmnist,79,154,60.744889249481595,0.4998970329761505,0.4998878538608551,73,60.74480514267992,0,6,0.499893456697464,0.4998914301395416,0.4998925030231476,0.49989238381385803
True,fmnist,80,201,50.518862812642254,0.4999231696128845,0.49991434812545776,61,50.518834325471715,6,4,0.4999188780784607,0.4999186396598816,0.49992018938064575,0.49991732835769653
False,fmnist,81,0,None,1.0,2.0781625031940365e-10,None,None,None,None,None,None,None,None
True,fmnist,82,262,43.984155300788785,0.49999910593032837,0.4999900460243225,70,43.984145415268756,8,9,0.49999552965164185,0.49999362230300903,0.49999481439590454,0.49999433755874634
True,fmnist,83,89,63.077471072768404,0.49999892711639404,0.4999896287918091,32,63.0773527365476,9,7,0.4999943971633911,0.499994158744812,0.499996542930603,0.4999920129776001
True,fmnist,84,129,55.89115127031518,0.4999755620956421,0.49996650218963623,64,55.89110296357292,2,6,0.49997174739837646,0.49997031688690186,0.4999711513519287,0.4999709129333496
True,fmnist,85,166,49.43714910394534,0.49988529086112976,0.499876469373703,31,49.437134184004364,7,5,0.49988099932670593,0.49988076090812683,0.49988219141960144,0.4998795688152313
True,fmnist,86,130,49.0640828595492,0.49533164501190186,0.49532225728034973,32,49.06407107823047,6,1,0.4953271448612213,0.49532684683799744,0.4953276813030243,0.49532631039619446
False,fmnist,87,0,None,1.0,1.204695093681707e-10,None,None,None,None,None,None,None,None
True,fmnist,88,107,66.67336948388906,0.5000042915344238,0.49999523162841797,33,66.67323377889991,7,9,0.5,0.4999995231628418,0.5000002384185791,0.4999992847442627
True,fmnist,89,153,57.410110864043304,0.49991685152053833,0.49990731477737427,71,57.41005674427177,3,1,0.4999123513698578,0.4999118745326996,0.4999130666255951,0.4999111592769623
True,fmnist,90,199,56.808098823676964,0.49991828203201294,0.4999085068702698,77,56.8080509988554,6,4,0.49991416931152344,0.4999126195907593,0.4999134838581085,0.49991336464881897
True,fmnist,91,194,44.81127028939625,0.49982941150665283,0.49981963634490967,48,44.81125785157729,6,1,0.4998246431350708,0.4998244047164917,0.49982750415802,0.4998215436935425
True,fmnist,92,88,63.40085691811467,0.49928030371665955,0.49927160143852234,28,63.40078750367043,0,6,0.4992775619029999,0.49927446246147156,0.4992762506008148,0.4992757737636566
True,fmnist,93,122,47.92218058726068,0.4989851415157318,0.4989767074584961,10,47.922173733006076,6,5,0.4989814758300781,0.4989805221557617,0.4989818334579468,0.4989800453186035
True,fmnist,94,163,57.39419096399918,0.371898353099823,0.37188857793807983,92,57.3941110299868,8,4,0.3718920946121216,0.3718912601470947,0.37189236283302307,0.3718920052051544
True,fmnist,95,185,51.64514072139628,0.5000004768371582,0.49999213218688965,66,51.64510033876834,6,0,0.4999963641166687,0.4999961256980896,0.4999982714653015,0.4999942183494568
True,fmnist,96,152,52.89686197588125,0.49999624490737915,0.4999869465827942,65,52.89683119159175,4,6,0.4999924302101135,0.4999907612800598,0.49999189376831055,0.49999141693115234
True,fmnist,97,169,49.55715625420673,0.5000038146972656,0.49999403953552246,78,49.55713164214644,2,4,0.5000017881393433,0.4999960660934448,0.49999910593032837,0.49999886751174927
True,fmnist,98,145,51.924389570136185,0.49699774384498596,0.496987909078598,89,51.924356656521695,0,2,0.4969934821128845,0.49699217081069946,0.49699291586875916,0.4969927966594696
True,fmnist,99,141,58.775667183618026,0.49996232986450195,0.4999537467956543,80,58.77557779792976,2,0,0.4999582767486572,0.499957799911499,0.49995899200439453,0.4999570846557617
False,fmnist,100,0,None,1.0,5.464788177533819e-09,None,None,None,None,None,None,None,None
True,fmnist,101,192,53.60552213821974,0.4810017943382263,0.48099371790885925,68,53.605483179631904,4,2,0.4809980094432831,0.4809977114200592,0.48099881410598755,0.4809972047805786
True,fmnist,102,213,45.643950851553896,0.5000041723251343,0.4999943971633911,65,45.643932887665144,2,6,0.49999940395355225,0.49999916553497314,0.5000017881393433,0.49999678134918213
True,fmnist,103,140,61.45804804666672,0.4952552020549774,0.4952459931373596,44,61.45796757903782,3,4,0.4952508211135864,0.4952505826950073,0.49525099992752075,0.49525028467178345
True,fmnist,104,219,51.99041276447244,0.49503496289253235,0.49502670764923096,66,51.990380908244916,6,2,0.49503105878829956,0.49503058195114136,0.4950321614742279,0.4950295686721802
True,fmnist,105,186,44.98562941747157,0.49964451789855957,0.4996350407600403,37,44.985619457985806,5,9,0.4996403157711029,0.4996391832828522,0.49963995814323425,0.4996395409107208
False,fmnist,106,0,None,1.0,3.560168826410859e-11,None,None,None,None,None,None,None,None
True,fmnist,107,93,52.27448722606937,0.5000035166740417,0.4999963641166687,19,52.274480557496915,9,7,0.5000001788139343,0.4999997019767761,0.5000006556510925,0.4999992251396179
True,fmnist,108,152,52.539568016766665,0.4994678199291229,0.4994595944881439,80,52.53951627258068,4,2,0.4994647204875946,0.4994628131389618,0.49946412444114685,0.49946328997612
True,fmnist,109,142,70.08070129910311,0.4997189939022064,0.49970921874046326,72,70.08042937534347,4,6,0.4997161328792572,0.4997120797634125,0.4997142255306244,0.4997139871120453
True,fmnist,110,118,60.30560842255333,0.49994659423828125,0.4999368190765381,29,60.30555280116075,5,7,0.4999420642852783,0.499941349029541,0.499942421913147,0.49994099140167236
True,fmnist,111,257,46.98172633922397,0.5000047087669373,0.4999949336051941,54,46.98170859738059,0,6,0.4999998211860657,0.4999998211860657,0.5000012516975403,0.49999839067459106
True,fmnist,112,138,50.31904021126863,0.49560779333114624,0.49559810757637024,57,50.31902320740368,3,6,0.4956032335758209,0.49560269713401794,0.4956037700176239,0.49560225009918213
True,fmnist,113,124,54.84669079584198,0.4929857552051544,0.4929758906364441,43,54.84666246105122,5,7,0.49298134446144104,0.49298039078712463,0.49298232793807983,0.49297937750816345
True,fmnist,114,205,58.161426639046915,0.47101470828056335,0.4710047245025635,166,58.16130410120013,4,2,0.47100988030433655,0.47100943326950073,0.47101083397865295,0.47100868821144104
True,fmnist,115,115,65.62939455924476,0.4636651575565338,0.4636552035808563,51,65.62927047962549,6,4,0.4636620879173279,0.4636586010456085,0.4636602997779846,0.46365997195243835
True,fmnist,116,235,40.99459758817915,0.4858267307281494,0.48581716418266296,133,40.99459440966566,9,7,0.4858219027519226,0.4858218729496002,0.4858224093914032,0.48582130670547485
False,fmnist,117,0,None,1.0,3.7884087533690547e-10,None,None,None,None,None,None,None,None
True,fmnist,118,222,43.388067582459485,0.3692880868911743,0.36927810311317444,115,43.38806068830699,8,5,0.3692834675312042,0.36928319931030273,0.369284063577652,0.3692828416824341
True,fmnist,119,129,47.471236705557104,0.5000030398368835,0.4999961256980896,21,47.47122920339063,9,7,0.4999997615814209,0.4999992847442627,0.5000006556510925,0.4999985098838806
True,fmnist,120,283,43.96377730438238,0.49982506036758423,0.4998154044151306,191,43.963764710154265,2,3,0.4998212456703186,0.49981921911239624,0.49982041120529175,0.4998200535774231
False,fmnist,121,0,None,1.0,3.6688712068411178e-09,None,None,None,None,None,None,None,None
True,fmnist,122,143,49.65699070718206,0.49948298931121826,0.49947571754455566,16,49.65697939243934,6,3,0.49947965145111084,0.49947893619537354,0.49947988986968994,0.49947869777679443
True,fmnist,123,159,47.13338994813573,0.4965367615222931,0.4965270459651947,33,47.13337810815812,3,1,0.49653199315071106,0.4965318739414215,0.49653246998786926,0.4965314567089081
True,fmnist,124,194,47.67989633831501,0.4999953508377075,0.49998676776885986,54,47.67988337364409,0,2,0.4999927282333374,0.49998939037323,0.49999159574508667,0.49999064207077026
True,fmnist,125,374,43.76806654552396,0.4999843239784241,0.4999752640724182,182,43.76804811039037,6,4,0.4999799132347107,0.4999796748161316,0.4999808669090271,0.4999787211418152
True,fmnist,126,247,46.24210426410448,0.4999995827674866,0.4999900460243225,60,46.242085975242524,6,4,0.49999499320983887,0.49999451637268066,0.4999963045120239,0.4999932050704956
True,fmnist,127,274,43.605984503681185,0.5000039935112,0.4999944567680359,91,43.605972905434946,9,7,0.5000011324882507,0.4999973177909851,0.49999916553497314,0.49999916553497314
True,fmnist,128,188,47.830003148922415,0.4984733760356903,0.49846434593200684,39,47.82998541455782,0,2,0.49847063422203064,0.4984670579433441,0.49846911430358887,0.4984687566757202
True,fmnist,129,140,54.08024366069934,0.4999796748161316,0.49997085332870483,36,54.08020980342714,3,2,0.49997788667678833,0.4999726414680481,0.4999752640724182,0.4999752640724182
True,fmnist,130,109,56.99522649619995,0.5000017285346985,0.49999386072158813,16,56.995195351357715,5,7,0.4999987483024597,0.4999968409538269,0.4999980330467224,0.4999975562095642
True,fmnist,131,104,58.36434243100037,0.4994516968727112,0.4994428753852844,50,58.36429601721524,0,6,0.4994475543498993,0.4994470775127411,0.49945133924484253,0.4994432330131531
True,fmnist,132,121,49.77769034417224,0.4995713233947754,0.4995615482330322,22,49.77767683417238,5,7,0.49956658482551575,0.4995664656162262,0.49956730008125305,0.49956563115119934
True,fmnist,133,169,45.69422769275195,0.4998263120651245,0.49981725215911865,59,45.694220071782574,3,1,0.49982190132141113,0.49982166290283203,0.49982184171676636,0.4998217225074768
True,fmnist,134,245,42.381925068298344,0.4872722327709198,0.4872626066207886,176,42.381919326393515,7,9,0.48726901412010193,0.4872654974460602,0.48726725578308105,0.4872671663761139
True,fmnist,135,194,44.74049333473876,0.4999583959579468,0.4999490976333618,70,44.740485333774494,1,3,0.4999549984931946,0.49995261430740356,0.4999545216560364,0.49995309114456177
True,fmnist,136,130,65.73652485761882,0.4999963641166687,0.49998730421066284,58,65.73637085662423,0,6,0.49999183416366577,0.49999183416366577,0.49999862909317017,0.4999850392341614
True,fmnist,137,87,70.93325860270299,0.499422550201416,0.4994131326675415,39,70.93302639455432,2,3,0.4994179904460907,0.4994177520275116,0.4994201958179474,0.4994155466556549
True,fmnist,138,138,49.1311902794644,0.49950653314590454,0.4994966387748718,48,49.1311773445709,1,3,0.4995017349720001,0.49950143694877625,0.49950191378593445,0.49950137734413147
True,fmnist,139,220,45.456693922088505,0.5000008940696716,0.49999111890792847,52,45.45668254405626,9,8,0.4999961256980896,0.4999958872795105,0.49999743700027466,0.49999457597732544
False,fmnist,140,0,None,1.0,1.7102538052427008e-08,None,None,None,None,None,None,None,None
True,fmnist,141,125,63.82988062351251,0.5000017285346985,0.49999290704727173,0,63.82988062351251,2,6,0.5000035166740417,0.49999111890792847,0.4999999403953552,0.499994695186615
True,fmnist,142,115,55.60751335739245,0.47138911485671997,0.471380352973938,51,55.60748282975267,2,6,0.4713861644268036,0.4713832437992096,0.47138530015945435,0.47138428688049316
True,fmnist,143,161,49.91867545185017,0.5000028014183044,0.4999937415122986,36,49.91866304671822,7,9,0.49999940395355225,0.49999701976776123,0.4999985694885254,0.4999978542327881
False,fmnist,144,0,None,1.0,1.18857534925354e-09,None,None,None,None,None,None,None,None
True,fmnist,145,157,50.76361522749931,0.4999789595603943,0.49997013807296753,41,50.763595448955705,5,7,0.49997466802597046,0.49997442960739136,0.49997490644454956,0.49997419118881226
True,fmnist,146,136,58.59231468305555,0.5,0.49999094009399414,79,58.59221078348319,2,4,0.4999966621398926,0.49999427795410156,0.4999958276748657,0.4999951124191284
True,fmnist,147,150,56.05613120743211,0.49791693687438965,0.4979081451892853,92,56.05606589765573,2,4,0.4979133903980255,0.4979117810726166,0.49791258573532104,0.49791252613067627
True,fmnist,148,194,53.62571613129697,0.4994213581085205,0.49941253662109375,69,53.62568199741685,2,6,0.4994182884693146,0.49941566586494446,0.49941709637641907,0.49941685795783997
True,fmnist,149,163,51.90328845484017,0.49999767541885376,0.4999881386756897,62,51.90326519023087,0,2,0.499994695186615,0.49999111890792847,0.4999930262565613,0.4999927878379822
True,fmnist,150,103,60.58522989076981,0.4999430179595947,0.49993371963500977,58,60.585177914786364,0,6,0.4999386668205261,0.49993807077407837,0.49994075298309326,0.49993598461151123
False,fmnist,151,0,None,1.0,4.833610489640705e-08,None,None,None,None,None,None,None,None
True,fmnist,152,155,52.12483810431319,0.4998090863227844,0.4998001456260681,60,52.124805890904035,2,6,0.49980464577674866,0.49980464577674866,0.49980518221855164,0.4998041093349457
True,fmnist,153,151,50.73489160782687,0.5000028610229492,0.49999427795410156,59,50.73487195966382,0,2,0.49999988079071045,0.49999725818634033,0.4999988079071045,0.4999983310699463
True,fmnist,154,218,43.31945100086741,0.48577186465263367,0.4857619106769562,107,43.31944251826403,2,1,0.4857669174671173,0.4857666790485382,0.485767662525177,0.48576605319976807
True,fmnist,155,121,83.04060900731375,0.4976866543292999,0.49767863750457764,49,83.0410747627191,0,6,0.49768298864364624,0.49768245220184326,0.4976852834224701,0.497680127620697
True,fmnist,156,194,49.33723153077598,0.4996757209300995,0.4996659457683563,107,49.33720813402468,2,3,0.49967166781425476,0.49966999888420105,0.49967101216316223,0.4996706545352936
False,fmnist,157,0,None,1.0,1.0913681069979475e-09,None,None,None,None,None,None,None,None
False,fmnist,158,0,None,1.0,3.6658512669873744e-08,None,None,None,None,None,None,None,None
True,fmnist,159,241,57.33795176600866,0.49987736344337463,0.4998684227466583,108,57.33787687253728,8,6,0.4998730719089508,0.49987271428108215,0.4998740255832672,0.4998718798160553
True,fmnist,160,143,52.1368962454853,0.4992106556892395,0.4992011487483978,54,52.13686911097159,0,6,0.4992092251777649,0.49920254945755005,0.49920618534088135,0.4992055296897888
True,fmnist,161,181,57.73971144756416,0.45676952600479126,0.45676130056381226,66,57.739638684046696,5,7,0.45676514506340027,0.4567645490169525,0.4567648470401764,0.456764817237854
True,fmnist,162,79,71.38697382604158,0.4999768137931824,0.4999677538871765,18,71.38678229513559,7,9,0.49997246265411377,0.49997198581695557,0.49997419118881226,0.49997037649154663
False,fmnist,163,0,None,1.0,6.609960134795756e-09,None,None,None,None,None,None,None,None
True,fmnist,164,157,47.90088967459704,0.49926382303237915,0.499254047870636,38,47.900877494721584,0,3,0.4992593228816986,0.4992586076259613,0.4992612302303314,0.49925658106803894
True,fmnist,165,173,45.075145340888405,0.4998363256454468,0.4998267889022827,19,45.07513669902296,5,7,0.4998319149017334,0.4998311996459961,0.4998328685760498,0.4998302459716797
True,fmnist,166,196,45.92390833648065,0.4986885190010071,0.4986790120601654,40,45.923898138392914,3,1,0.4986838400363922,0.49868372082710266,0.49868452548980713,0.49868297576904297
True,fmnist,167,147,49.638868384678084,0.4998009502887726,0.4997911751270294,40,49.63884548598334,6,3,0.4997961223125458,0.4997960031032562,0.49979761242866516,0.49979451298713684
True,fmnist,168,153,45.49192886447671,0.4996879994869232,0.49967870116233826,27,45.49192270945287,5,7,0.49968352913856506,0.49968329071998596,0.49968573451042175,0.4996809661388397
True,fmnist,169,202,45.448660961631816,0.4999605417251587,0.4999518394470215,40,45.44864655762892,9,5,0.49995946884155273,0.49995291233062744,0.4999563694000244,0.49995607137680054
True,fmnist,170,106,69.84824356034375,0.5000007152557373,0.49999213218688965,43,69.84798997990312,7,9,0.4999966621398926,0.4999961853027344,0.4999971389770508,0.49999570846557617
True,fmnist,171,157,58.250484450002006,0.4999502897262573,0.49994075298309326,74,58.25041052569452,6,2,0.49994564056396484,0.49994540214538574,0.49994903802871704,0.49994200468063354
False,fmnist,172,0,None,1.0,1.217676981468685e-08,None,None,None,None,None,None,None,None
True,fmnist,173,253,42.1175946868335,0.5000041723251343,0.4999951124191284,133,42.117587483034015,4,6,0.5000013113021851,0.49999797344207764,0.4999997615814209,0.4999995231628418
True,fmnist,174,180,48.151033760727636,0.4999939799308777,0.4999846816062927,87,48.151018794404905,2,6,0.49998974800109863,0.4999887943267822,0.4999910593032837,0.49998748302459717
True,fmnist,175,203,45.20340487140648,0.4999610185623169,0.4999511241912842,82,45.20339335261098,2,6,0.4999570846557617,0.49995505809783936,0.4999561309814453,0.49995601177215576
True,fmnist,176,141,54.86984594677089,0.4997834265232086,0.49977484345436096,35,54.869801399182776,3,4,0.49977925419807434,0.49977901577949524,0.49977996945381165,0.49977830052375793
True,fmnist,177,113,58.20069015944611,0.4914996922016144,0.49148985743522644,61,58.200630454320255,0,6,0.4914969205856323,0.49149268865585327,0.49149489402770996,0.49149465560913086
False,fmnist,179,0,None,1.0,7.332835227913392e-09,None,None,None,None,None,None,None,None
True,fmnist,180,191,44.031906154043284,0.4986792504787445,0.4986701011657715,30,44.03189935756909,6,5,0.4986751675605774,0.498674213886261,0.4986754059791565,0.4986739754676819
True,fmnist,181,243,51.14689869253116,0.4789031744003296,0.47889336943626404,173,51.14687400291394,2,0,0.47889915108680725,0.4788973331451416,0.4788981080055237,0.47889798879623413
True,fmnist,182,109,59.15766262675592,0.4999725818634033,0.49996376037597656,55,59.1575918637178,2,6,0.49997174739837646,0.4999645948410034,0.49996840953826904,0.49996793270111084
False,fmnist,183,0,None,1.0,3.6216485366225015e-09,None,None,None,None,None,None,None,None
True,fmnist,184,167,47.671515811792645,0.4999328851699829,0.4999229907989502,42,47.671501947854146,5,7,0.4999294877052307,0.4999263882637024,0.4999280571937561,0.499927818775177
True,fmnist,185,131,47.65677481503063,0.5000032782554626,0.4999937415122986,26,47.65676652484888,9,7,0.49999862909317017,0.49999839067459106,0.500000536441803,0.49999648332595825
False,fmnist,186,0,None,1.0,3.2623384549346213e-10,None,None,None,None,None,None,None,None
True,fmnist,188,259,45.056930429284996,0.4999919533729553,0.49998337030410767,76,45.05691169926217,4,6,0.4999876618385315,0.4999876618385315,0.499988853931427,0.499986469745636
True,fmnist,189,177,45.20353000938094,0.4998581111431122,0.4998496472835541,55,45.203521631830704,2,3,0.49985429644584656,0.49985358119010925,0.49985775351524353,0.4998501241207123
True,fmnist,190,166,45.74325476916154,0.49996060132980347,0.4999515414237976,18,45.74324854388081,1,6,0.4999569058418274,0.4999552369117737,0.49995630979537964,0.49995583295822144
True,fmnist,191,167,49.96329023227814,0.4999067485332489,0.4998967945575714,85,49.96326085758743,0,6,0.49990227818489075,0.49990132451057434,0.49990180134773254,0.499901682138443
True,fmnist,192,1064,44.54188920132937,0.268616259098053,0.2686067819595337,245,44.541863573786394,0,3,0.2686125338077545,0.26861247420310974,0.26861345767974854,0.26861080527305603
False,fmnist,193,0,None,1.0,6.938772334486032e-10,None,None,None,None,None,None,None,None
False,fmnist,194,0,None,1.0,4.970218247385416e-12,None,None,None,None,None,None,None,None
True,fmnist,195,90,69.24052636471939,0.5000022649765015,0.4999932050704956,60,69.24032403109143,0,6,0.4999987483024597,0.4999966025352478,0.49999791383743286,0.49999743700027466
True,fmnist,196,174,48.576182855584435,0.4793902337551117,0.4793813228607178,25,48.57617317991096,2,8,0.47938594222068787,0.4793853163719177,0.47938770055770874,0.47938376665115356
True,fmnist,197,104,50.9863895844068,0.4990498721599579,0.4990406036376953,33,50.98637520898083,3,6,0.4990462362766266,0.4990440905094147,0.49904540181159973,0.49904492497444153
False,fmnist,198,0,None,1.0,8.527220596299401e-10,None,None,None,None,None,None,None,None
False,fmnist,199,0,None,1.0,3.765681544365407e-09,None,None,None,None,None,None,None,None
True,fmnist,200,222,43.85324984116858,0.4999997019767761,0.49999064207077026,45,43.85324216757007,7,5,0.4999966025352478,0.4999937415122986,0.4999951720237732,0.4999951720237732
False,cifar10,0,1999,None,0.48329877853393555,0.483286052942276,None,None,None,None,None,None,None,None
False,cifar10,1,138,58.248577671289404,0.4987941384315491,0.4987841546535492,499,None,0,0,0.49879175424575806,0.4987865090370178,0.4987923502922058,0.49878594279289246
False,cifar10,2,273,51.365976561318845,0.49999040365219116,0.4999818205833435,499,None,6,6,0.49998968839645386,0.4999825358390808,0.49998873472213745,0.4999834895133972
False,cifar10,3,456,51.00243542399337,0.49333736300468445,0.49332746863365173,499,None,9,9,0.49333491921424866,0.4933299720287323,0.49333399534225464,0.4933309257030487
True,cifar10,4,84,69.08320494600625,0.4394221901893616,0.4394136369228363,146,69.08312399244247,5,7,0.43941816687583923,0.43941760063171387,0.43942052125930786,0.43941569328308105
False,cifar10,5,0,None,1.0,6.493044296673744e-11,None,None,None,None,None,None,None,None
True,cifar10,6,298,57.26650498670964,0.4989435374736786,0.4989340305328369,193,57.26648577938414,0,7,0.49893879890441895,0.49893879890441895,0.49893903732299805,0.49893856048583984
True,cifar10,7,145,58.73401599752266,0.4999701976776123,0.4999682903289795,11,58.73402042419692,8,0,0.49996960163116455,0.49996888637542725,0.4999699592590332,0.4999685287475586
False,cifar10,8,1321,73.23200035643289,0.49386173486709595,0.4938524067401886,499,None,5,5,0.49386149644851685,0.4938526153564453,0.4938620328903198,0.49385207891464233
False,cifar10,9,1999,None,0.4633070230484009,0.46327632665634155,None,None,None,None,None,None,None,None
False,cifar10,10,412,56.4999015031674,0.4952862560749054,0.4952763319015503,499,None,7,7,0.49528568983078003,0.49527695775032043,0.4952844977378845,0.49527812004089355
False,cifar10,11,420,57.01446719979576,0.49993467330932617,0.499924898147583,499,None,2,2,0.4999347925186157,0.49992477893829346,0.4999340772628784,0.49992549419403076
False,cifar10,12,1798,54.554064533793614,0.4999428987503052,0.49993371963500977,499,None,7,7,0.4999425411224365,0.4999340772628784,0.49994444847106934,0.49993228912353516
False,cifar10,13,414,55.27096257508538,0.49995487928390503,0.49994605779647827,499,None,9,9,0.4999532103538513,0.499947726726532,0.4999540448188782,0.4999468922615051
False,cifar10,14,1131,52.89822516905097,0.49994128942489624,0.4999315142631531,499,None,2,2,0.499941885471344,0.4999309182167053,0.4999411702156067,0.4999316334724426
False,cifar10,15,1186,58.79430474633566,0.4948827624320984,0.4948733150959015,499,None,8,8,0.4948849081993103,0.4948711097240448,0.49488362669944763,0.4948723018169403
False,cifar10,16,481,62.925246548650534,0.39152613282203674,0.39151689410209656,499,None,0,0,0.3915272057056427,0.3915177881717682,0.39152631163597107,0.39151808619499207
False,cifar10,17,601,53.89282232556301,0.49657589197158813,0.4965660572052002,499,None,8,8,0.4965743124485016,0.4965676963329315,0.49657630920410156,0.49656563997268677
False,cifar10,18,0,None,1.0,5.802572866642208e-10,None,None,None,None,None,None,None,None
False,cifar10,19,317,68.84286124258651,0.4345952868461609,0.43458545207977295,499,None,1,1,0.43459245562553406,0.4345893859863281,0.4345908761024475,0.43459010124206543
False,cifar10,20,93,80.67251633142394,0.4996904730796814,0.49968260526657104,499,None,2,2,0.4996879994869232,0.499685138463974,0.49968668818473816,0.49968644976615906
False,cifar10,21,212,53.1340050938375,0.49647897481918335,0.49646902084350586,499,None,2,2,0.4964769780635834,0.4964710474014282,0.4964756667613983,0.4964723587036133
False,cifar10,22,401,51.48374664941678,0.40469104051589966,0.40468114614486694,499,None,3,3,0.40468764305114746,0.4046836495399475,0.40468740463256836,0.40468209981918335
False,cifar10,23,215,56.59268705302395,0.49931418895721436,0.4993048906326294,499,None,5,5,0.4993112087249756,0.4993077516555786,0.4993107318878174,0.49930834770202637
False,cifar10,24,80,72.88032974429456,0.4999808073043823,0.4999738931655884,499,None,0,0,0.4999774694442749,0.4999772310256958,0.49997830390930176,0.49997639656066895
False,cifar10,25,1999,None,0.43461596965789795,0.43460384011268616,None,None,None,None,None,None,None,None
False,cifar10,26,394,76.94932753585925,0.4999958872795105,0.49998682737350464,499,None,2,2,0.4999966025352478,0.49998611211776733,0.4999939799308777,0.49998873472213745
False,cifar10,27,870,82.26289990160579,0.49991151690483093,0.4999024569988251,499,None,0,0,0.4999125897884369,0.4999013841152191,0.49991175532341003,0.49990221858024597
False,cifar10,28,880,54.487004116183556,0.49947187304496765,0.4994620978832245,499,None,1,1,0.4994703233242035,0.49946364760398865,0.49946972727775574,0.4994642436504364
True,cifar10,29,133,56.029627382110206,0.49975520372390747,0.49974995851516724,117,56.02961313295819,0,8,0.49975335597991943,0.4997519254684448,0.49975305795669556,0.49975210428237915
False,cifar10,30,398,61.66575973145976,0.500004768371582,0.49999523162841797,499,None,6,6,0.500004768371582,0.49999523162841797,0.5000040531158447,0.4999959468841553
False,cifar10,31,529,69.16746957149304,0.49882835149765015,0.4988197982311249,499,None,0,0,0.4988257586956024,0.498822420835495,0.49882569909095764,0.4988223612308502
True,cifar10,32,265,76.61566437985492,0.4808931052684784,0.48088961839675903,166,76.61567995149714,0,7,0.48089149594306946,0.48089122772216797,0.48089149594306946,0.48089128732681274
False,cifar10,33,618,65.92761932577821,0.4992411434650421,0.49923160672187805,499,None,2,2,0.4992397129535675,0.49923303723335266,0.4992413818836212,0.49923139810562134
False,cifar10,34,0,None,1.0,1.1098161500910919e-08,None,None,None,None,None,None,None,None
False,cifar10,35,1251,53.48727592797651,0.49687469005584717,0.4968656897544861,499,None,0,0,0.49687501788139343,0.49686530232429504,0.49687108397483826,0.49686917662620544
False,cifar10,36,334,51.868972166092405,0.5000038146972656,0.49999403953552246,499,None,9,9,0.5000015497207642,0.4999963045120239,0.500001072883606,0.49999678134918213
False,cifar10,37,0,None,1.0,5.4330734355900745e-11,None,None,None,None,None,None,None,None
False,cifar10,38,0,None,1.0,7.140486535384127e-10,None,None,None,None,None,None,None,None
True,cifar10,39,70,65.70041285321668,0.49990060925483704,0.4998944103717804,237,65.70040689084774,5,2,0.4998977482318878,0.4998972713947296,0.49989989399909973,0.4998951256275177
False,cifar10,40,0,None,1.0,4.645297924099623e-09,None,None,None,None,None,None,None,None
True,cifar10,41,92,50.78281457926322,0.49999892711639404,0.4999908208847046,132,50.78280511916893,3,5,0.4999951124191284,0.4999946355819702,0.49999845027923584,0.4999912977218628
True,cifar10,42,295,53.39772599898906,0.4998913109302521,0.499881774187088,119,53.39771693027036,2,0,0.49988701939582825,0.49988606572151184,0.49988821148872375,0.49988487362861633
False,cifar10,43,248,69.32601799686951,0.4963642954826355,0.496354341506958,499,None,2,2,0.4963626265525818,0.4963560104370117,0.49636444449424744,0.49635428190231323
False,cifar10,44,705,67.64939849615396,0.4821580648422241,0.48214828968048096,499,None,5,5,0.48215872049331665,0.48214781284332275,0.4821588397026062,0.4821476936340332
False,cifar10,45,0,None,1.0,1.8073753604852527e-10,None,None,None,None,None,None,None,None
False,cifar10,46,1044,53.52962526683393,0.4985499978065491,0.49854809045791626,499,None,2,2,0.49855032563209534,0.4985477030277252,0.49855104088783264,0.4985469877719879
False,cifar10,47,1531,49.68178959530792,0.4999876618385315,0.49997860193252563,499,None,0,0,0.4999874234199524,0.49997884035110474,0.4999890923500061,0.499977171421051
True,cifar10,48,143,64.61824894687946,0.4987902045249939,0.4987890124320984,11,64.61824894687946,2,5,0.49878987669944763,0.49878939986228943,0.498790442943573,0.4987887740135193
False,cifar10,49,690,54.41864742130467,0.41306865215301514,0.4130588173866272,499,None,2,2,0.41306841373443604,0.4130587577819824,0.41306814551353455,0.41305938363075256
False,cifar10,50,272,53.83920235762622,0.49999159574508667,0.4999818205833435,499,None,7,7,0.49998873472213745,0.4999846816062927,0.4999917149543762,0.49998170137405396
False,cifar10,51,339,62.23651602715577,0.49997228384017944,0.4999653697013855,499,None,4,4,0.49997037649154663,0.4999672770500183,0.499972403049469,0.49996525049209595
False,cifar10,52,0,None,1.0,1.480461803496369e-13,None,None,None,None,None,None,None,None
True,cifar10,53,160,61.26833527080065,0.4999544024467468,0.49994462728500366,341,61.26830849258041,4,2,0.4999522566795349,0.4999467730522156,0.49994951486587524,0.49994951486587524
False,cifar10,54,0,None,1.0,3.3573317459456575e-09,None,None,None,None,None,None,None,None
False,cifar10,55,91,71.27050741856397,0.4628860056400299,0.46287718415260315,499,None,3,3,0.46288588643074036,0.4628780484199524,0.4628835916519165,0.46287983655929565
False,cifar10,56,260,51.295142449527226,0.49993908405303955,0.4999297857284546,499,None,1,1,0.4999384880065918,0.49993038177490234,0.4999375343322754,0.49993133544921875
True,cifar10,57,257,59.15698513832622,0.4949192404747009,0.4949185252189636,0,59.15698513832622,2,5,0.49492064118385315,0.49491721391677856,0.4949195981025696,0.49491816759109497
False,cifar10,58,914,50.87423130525141,0.4999852180480957,0.49997591972351074,499,None,2,2,0.4999856948852539,0.49997544288635254,0.49998629093170166,0.4999748468399048
False,cifar10,59,507,58.293892961302554,0.5000028014183044,0.4999932646751404,499,None,0,0,0.5000035166740417,0.4999925494194031,0.500006377696991,0.49998968839645386
False,cifar10,60,0,None,1.0,4.288985167022474e-09,None,None,None,None,None,None,None,None
False,cifar10,61,402,53.530891489016106,0.49995577335357666,0.4999464750289917,499,None,2,2,0.49995481967926025,0.4999474287033081,0.4999551773071289,0.49994707107543945
False,cifar10,62,1999,None,0.4191165268421173,0.4190996289253235,None,None,None,None,None,None,None,None
False,cifar10,63,0,None,1.0,1.0080691836833466e-09,None,None,None,None,None,None,None,None
False,cifar10,64,312,53.88718072775106,0.49998950958251953,0.49998044967651367,499,None,8,8,0.4999887943267822,0.499981164932251,0.49998974800109863,0.49998021125793457
True,cifar10,65,242,53.355733739620426,0.4987679123878479,0.49875912070274353,447,53.35571492135462,5,2,0.4987640082836151,0.49876317381858826,0.49876660108566284,0.4987604320049286
False,cifar10,66,50,65.36138624729419,0.39365243911743164,0.3936476409435272,499,None,2,2,0.3936525583267212,0.3936472535133362,0.39365309476852417,0.3936466574668884
False,cifar10,67,277,63.401568952890955,0.490665465593338,0.4906555116176605,499,None,2,2,0.4906638562679291,0.49065694212913513,0.49066317081451416,0.490657776594162
False,cifar10,68,139,53.47481757026508,0.4164826273918152,0.4164736866950989,499,None,6,6,0.41648074984550476,0.41647687554359436,0.41648125648498535,0.41647613048553467
False,cifar10,69,413,54.31310554672932,0.4999963641166687,0.49998873472213745,499,None,0,0,0.49999624490737915,0.499988853931427,0.49999552965164185,0.4999895691871643
False,cifar10,70,353,57.049935885161815,0.49981123208999634,0.4998014569282532,499,None,6,6,0.4998090863227844,0.4998036026954651,0.49980777502059937,0.49980491399765015
False,cifar10,71,159,60.78410607555316,0.4828614592552185,0.48285192251205444,499,None,1,1,0.4828585088253021,0.4828547239303589,0.48285889625549316,0.482854425907135
True,cifar10,72,151,52.76551870215708,0.4990450441837311,0.4990352988243103,192,52.765493315003944,2,5,0.4990401864051819,0.4990401864051819,0.49904078245162964,0.49903959035873413
False,cifar10,73,70,59.96536762461898,0.49999791383743286,0.4999917149543762,499,None,2,2,0.49999696016311646,0.4999926686286926,0.49999624490737915,0.49999338388442993
False,cifar10,74,140,62.392717893243024,0.4993365406990051,0.49932700395584106,499,None,8,8,0.49933570623397827,0.4993278384208679,0.49933284521102905,0.49933069944381714
False,cifar10,75,1999,None,0.44112199544906616,0.44109833240509033,None,None,None,None,None,None,None,None
False,cifar10,76,0,None,1.0,9.21836551537325e-10,None,None,None,None,None,None,None,None
False,cifar10,77,290,53.795169756843364,0.30518823862075806,0.30517879128456116,499,None,2,2,0.3051859140396118,0.3051838278770447,0.3051862418651581,0.30518344044685364
False,cifar10,78,0,None,1.0,2.025122014526204e-10,None,None,None,None,None,None,None,None
False,cifar10,79,172,63.58666423282923,0.4999961853027344,0.4999876022338867,499,None,8,8,0.49999380111694336,0.49998998641967773,0.49999570846557617,0.4999880790710449
False,cifar10,80,381,68.58408548850949,0.49988213181495667,0.4998749792575836,499,None,8,8,0.49987950921058655,0.49987760186195374,0.4998801052570343,0.499877005815506
False,cifar10,81,0,None,1.0,2.159903506049332e-11,None,None,None,None,None,None,None,None
False,cifar10,82,424,48.66963660692456,0.4999077618122101,0.499898225069046,499,None,6,6,0.4999082386493683,0.4998977482318878,0.499907523393631,0.4998984634876251
True,cifar10,83,126,68.6922522331473,0.49903666973114014,0.49902763962745667,257,68.69213394980603,5,3,0.4990345537662506,0.4990297853946686,0.4990321695804596,0.4990321695804596
False,cifar10,84,0,None,1.0,2.6612330117359306e-09,None,None,None,None,None,None,None,None
False,cifar10,85,0,None,1.0,1.574400165793577e-08,None,None,None,None,None,None,None,None
False,cifar10,86,205,56.06541478249767,0.49969977140426636,0.4996914267539978,499,None,9,9,0.49969881772994995,0.4996923804283142,0.49969834089279175,0.4996928572654724
False,cifar10,87,205,53.93089484664249,0.4954582154750824,0.49545279145240784,499,None,8,8,0.4954572916030884,0.49545374512672424,0.4954572319984436,0.49545368552207947
False,cifar10,88,1006,67.2014716340359,0.49995577335357666,0.4999464750289917,499,None,1,1,0.49995505809783936,0.499947190284729,0.49995553493499756,0.4999467134475708
True,cifar10,89,245,52.56194480882628,0.49974632263183594,0.49974536895751953,0,52.56194480882628,3,2,0.4997459650039673,0.4997457265853882,0.4997466802597046,0.4997450113296509
False,cifar10,90,0,None,1.0,2.1470178523941286e-08,None,None,None,None,None,None,None,None
False,cifar10,91,1676,64.3678205641781,0.44125694036483765,0.44124719500541687,499,None,1,1,0.4412569999694824,0.44124749302864075,0.44125741720199585,0.44124647974967957
False,cifar10,92,322,59.96970611491992,0.4687553644180298,0.4687461853027344,499,None,8,8,0.4687528610229492,0.4687490463256836,0.4687550663948059,0.4687465727329254
False,cifar10,93,1999,None,0.4996037185192108,0.4995875060558319,None,None,None,None,None,None,None,None
False,cifar10,94,118,66.64880922550259,0.4999987483024597,0.49999016523361206,499,None,5,5,0.49999457597732544,0.49999433755874634,0.49999624490737915,0.4999926686286926
False,cifar10,95,631,75.1864638107155,0.43905580043792725,0.43904605507850647,499,None,2,2,0.4390558898448944,0.4390467405319214,0.43905553221702576,0.4390470087528229
False,cifar10,96,181,60.817053757714454,0.5000016689300537,0.49999213218688965,499,None,1,1,0.5000021457672119,0.49999165534973145,0.4999988079071045,0.49999499320983887
False,cifar10,97,0,None,1.0,9.597918904091784e-09,None,None,None,None,None,None,None,None
False,cifar10,98,346,50.6711199647435,0.4999525547027588,0.4999430179595947,499,None,1,1,0.4999537467956543,0.4999418258666992,0.4999513626098633,0.49994421005249023
False,cifar10,99,1189,58.08180065539957,0.3940305709838867,0.3940211236476898,499,None,7,7,0.3940318524837494,0.39401885867118835,0.394029825925827,0.39402174949645996
False,cifar10,100,0,None,1.0,1.1708788605346854e-08,None,None,None,None,None,None,None,None
False,cifar10,101,0,None,1.0,2.0120075744367583e-11,None,None,None,None,None,None,None,None
False,cifar10,102,0,None,1.0,4.8023110821304726e-08,None,None,None,None,None,None,None,None
False,cifar10,103,912,67.12479757848598,0.49605461955070496,0.49604469537734985,499,None,3,3,0.49605461955070496,0.49604469537734985,0.4960552155971527,0.4960440993309021
False,cifar10,104,426,52.96264992520002,0.49997758865356445,0.4999678134918213,499,None,4,4,0.49997854232788086,0.4999668598175049,0.49997806549072266,0.4999673366546631
False,cifar10,105,0,None,1.0,1.7932433966569294e-12,None,None,None,None,None,None,None,None
False,cifar10,106,271,60.178377265553905,0.47369274497032166,0.47368359565734863,499,None,2,2,0.47369271516799927,0.4736836850643158,0.4736917018890381,0.4736845791339874
False,cifar10,107,80,63.5011833443628,0.4246326982975006,0.4246255159378052,499,None,3,3,0.4246325194835663,0.42462679743766785,0.4246315360069275,0.42462703585624695
False,cifar10,108,1048,75.68304797770531,0.35193172097206116,0.3519217371940613,499,None,7,7,0.3519308567047119,0.3519243896007538,0.35193124413490295,0.3519255816936493
False,cifar10,109,281,53.09674679295932,0.4998748004436493,0.49986550211906433,499,None,2,2,0.4998736083507538,0.49986669421195984,0.4998736083507538,0.49986669421195984
False,cifar10,110,0,None,1.0,5.809696723702018e-09,None,None,None,None,None,None,None,None
False,cifar10,111,214,64.52069101779279,0.3208264410495758,0.3208169639110565,499,None,2,2,0.32082459330558777,0.32082077860832214,0.3208252191543579,0.3208218514919281
False,cifar10,112,0,None,1.0,1.0611578456221071e-11,None,None,None,None,None,None,None,None
False,cifar10,113,191,59.95075072770946,0.4987831711769104,0.4987731873989105,499,None,4,4,0.4987824559211731,0.4987739026546478,0.49878305196762085,0.4987733066082001
False,cifar10,114,459,52.10432986144839,0.5000044703483582,0.4999954104423523,499,None,9,9,0.5000035166740417,0.4999963641166687,0.5000025629997253,0.4999973177909851
False,cifar10,115,580,75.4370663247126,0.4423150420188904,0.44230523705482483,499,None,3,3,0.44231516122817993,0.44230493903160095,0.4423169791698456,0.4423035979270935
False,cifar10,116,350,50.871604696801704,0.49997520446777344,0.4999654293060303,499,None,4,4,0.4999732971191406,0.4999673366546631,0.4999748468399048,0.4999657869338989
False,cifar10,117,1999,None,0.4999404549598694,0.49992042779922485,None,None,None,None,None,None,None,None
False,cifar10,118,359,54.071883879607874,0.4999954104423523,0.49998587369918823,499,None,2,2,0.4999951720237732,0.49998611211776733,0.4999956488609314,0.49998563528060913
False,cifar10,119,347,51.65599012517869,0.48147931694984436,0.48146966099739075,499,None,8,8,0.48147836327552795,0.4814704358577728,0.48147815465927124,0.48147058486938477
True,cifar10,120,159,48.27655003368021,0.5000045299530029,0.49999499320983887,149,48.27654658079081,1,0,0.5000033378601074,0.4999961853027344,0.4999999403953552,0.499999463558197
False,cifar10,121,1049,62.72872158877645,0.39964452385902405,0.3996388018131256,499,None,2,2,0.39964285492897034,0.3996407091617584,0.39964431524276733,0.39963868260383606
False,cifar10,122,0,None,1.0,3.997003616973416e-09,None,None,None,None,None,None,None,None
False,cifar10,123,290,66.80697087821746,0.4981280565261841,0.49812495708465576,499,None,2,2,0.49812769889831543,0.4981253147125244,0.4981271028518677,0.49812591075897217
False,cifar10,124,79,55.77774515522631,0.5000039935112,0.4999949336051941,499,None,2,2,0.5000030398368835,0.4999958872795105,0.5000039935112,0.4999949336051941
False,cifar10,125,1999,None,0.33222270011901855,0.3322051167488098,None,None,None,None,None,None,None,None
False,cifar10,126,181,57.046777048857116,0.5000040531158447,0.49999451637268066,499,None,0,0,0.5000016689300537,0.4999969005584717,0.4999995231628418,0.4999990463256836
False,cifar10,127,79,63.27373323486988,0.4988788068294525,0.4988726079463959,499,None,5,5,0.4988791346549988,0.4988722503185272,0.4988788664340973,0.4988725483417511
True,cifar10,128,131,58.19926463827158,0.4998874366283417,0.4998776614665985,381,58.19924865681929,0,9,0.49988266825675964,0.49988242983818054,0.49988576769828796,0.4998793303966522
False,cifar10,129,0,None,1.0,1.7577359012754812e-10,None,None,None,None,None,None,None,None
False,cifar10,130,1999,None,0.4796467423439026,0.479620099067688,None,None,None,None,None,None,None,None
False,cifar10,131,0,None,1.0,2.3491928402563644e-09,None,None,None,None,None,None,None,None
False,cifar10,132,520,62.5840285682845,0.4997940957546234,0.49978432059288025,499,None,2,2,0.49979278445243835,0.4997856318950653,0.49979326128959656,0.4997851550579071
False,cifar10,133,1999,None,0.35619795322418213,0.35615116357803345,None,None,None,None,None,None,None,None
False,cifar10,134,1046,55.17328713015691,0.47892439365386963,0.4789144694805145,499,None,7,7,0.4789232611656189,0.4789157211780548,0.47892457246780396,0.4789140820503235
False,cifar10,135,145,57.00674561759346,0.4679805338382721,0.46797141432762146,499,None,7,7,0.4679785370826721,0.46797311305999756,0.46797803044319153,0.4679739773273468
True,cifar10,136,127,59.03096673320778,0.4946553707122803,0.4946459233760834,158,59.030946983522114,1,2,0.4946530759334564,0.4946482479572296,0.49465081095695496,0.49465057253837585
True,cifar10,137,293,60.693104079068185,0.49731719493865967,0.49730759859085083,431,60.69306237913903,6,0,0.49731388688087463,0.49731093645095825,0.4973126947879791,0.4973119795322418
False,cifar10,138,128,65.82497263036424,0.4962010979652405,0.4961913824081421,499,None,2,2,0.4961998164653778,0.49619272351264954,0.49619993567466736,0.49619260430336
True,cifar10,139,95,62.642638112191975,0.49993157386779785,0.4999222755432129,22,62.642565527562084,2,4,0.49992692470550537,0.49992692470550537,0.4999270439147949,0.4999268054962158
True,cifar10,140,160,56.2888946009996,0.49986645579338074,0.4998578727245331,122,56.28888787845642,3,6,0.49986252188682556,0.49986180663108826,0.4998645484447479,0.4998597800731659
False,cifar10,141,165,68.57490971149646,0.49994707107543945,0.4999380111694336,499,None,1,1,0.49994421005249023,0.4999408721923828,0.49994397163391113,0.4999411106109619
False,cifar10,142,148,54.35381178077848,0.49975645542144775,0.4997469186782837,499,None,7,7,0.4997551441192627,0.49974822998046875,0.49975502490997314,0.4997483491897583
False,cifar10,143,910,49.48387526645918,0.49976009130477905,0.4997507929801941,499,None,6,6,0.49976056814193726,0.4997503161430359,0.49975937604904175,0.4997515082359314
False,cifar10,144,375,52.915169896886724,0.49997687339782715,0.499967098236084,499,None,0,0,0.49997615814208984,0.4999678134918213,0.4999765157699585,0.49996745586395264
False,cifar10,145,1452,57.17338336590147,0.4991764426231384,0.4991665780544281,499,None,4,4,0.4991752505302429,0.4991677403450012,0.4991758465766907,0.49916714429855347
True,cifar10,146,231,55.83533428149007,0.4998360872268677,0.4998277425765991,469,55.835319520285786,0,8,0.49983227252960205,0.49983155727386475,0.49983203411102295,0.49983179569244385
False,cifar10,147,511,54.19461533594753,0.5000039935112,0.4999944567680359,499,None,5,5,0.5000051856040955,0.4999932646751404,0.5000070929527283,0.49999135732650757
False,cifar10,148,0,None,1.0,1.6179104497110464e-13,None,None,None,None,None,None,None,None
True,cifar10,149,138,54.75579157266695,0.49996739625930786,0.4999585747718811,112,54.755780945790775,0,2,0.4999644160270691,0.4999615550041199,0.4999634623527527,0.4999625086784363
False,cifar10,150,741,62.128649267434454,0.3684099018573761,0.36840033531188965,499,None,5,5,0.3684101998806,0.36840054392814636,0.3684086799621582,0.36840128898620605
False,cifar10,151,1999,None,0.48292505741119385,0.48291054368019104,None,None,None,None,None,None,None,None
True,cifar10,152,171,54.83469489509674,0.4981203079223633,0.4981110394001007,324,54.83466904327565,6,4,0.49811628460884094,0.49811509251594543,0.4981158673763275,0.4981153905391693
False,cifar10,153,59,70.14771139295706,0.5000025033950806,0.49999678134918213,499,None,6,6,0.5000020265579224,0.49999725818634033,0.5000003576278687,0.49999892711639404
False,cifar10,154,0,None,1.0,2.0374368858711023e-08,None,None,None,None,None,None,None,None
False,cifar10,155,1999,None,0.3791939616203308,0.37915951013565063,None,None,None,None,None,None,None,None
False,cifar10,156,919,62.30971048151558,0.49805328249931335,0.4980456829071045,499,None,5,5,0.4980548322200775,0.49804413318634033,0.49805334210395813,0.49804550409317017
True,cifar10,157,79,68.68924043667946,0.48701685667037964,0.48701128363609314,51,68.6892066645391,4,2,0.48701414465904236,0.48701390624046326,0.4870143532752991,0.48701366782188416
False,cifar10,158,378,58.93511910983107,0.41189390420913696,0.4118848741054535,499,None,5,5,0.41189324855804443,0.4118855893611908,0.4118935167789459,0.4118853807449341
False,cifar10,159,247,55.519459251773576,0.5000030398368835,0.4999963641166687,499,None,8,8,0.5000013709068298,0.4999980330467224,0.5000016093254089,0.4999977946281433
True,cifar10,160,170,56.67844048697848,0.4996316730976105,0.4996240437030792,407,56.67841475013495,6,1,0.4996279776096344,0.4996277391910553,0.49962976574897766,0.49962595105171204
False,cifar10,161,0,None,1.0,1.4008459323089362e-11,None,None,None,None,None,None,None,None
False,cifar10,162,0,None,1.0,9.628925212723516e-09,None,None,None,None,None,None,None,None
True,cifar10,163,812,68.20678529649072,0.498549222946167,0.4985394775867462,401,68.20680898360844,0,4,0.49854448437690735,0.49854424595832825,0.49854516983032227,0.49854350090026855
False,cifar10,164,1977,49.365025498236605,0.3537837564945221,0.35377490520477295,499,None,1,1,0.35378339886665344,0.3537750542163849,0.35378336906433105,0.35377568006515503
False,cifar10,165,434,53.06008189000835,0.4997856318950653,0.49977704882621765,499,None,3,3,0.49978598952293396,0.499776691198349,0.49978718161582947,0.4997754991054535
False,cifar10,166,0,None,1.0,2.817146160793982e-08,None,None,None,None,None,None,None,None
False,cifar10,167,94,54.37034816665668,0.5000042915344238,0.49999570846557617,499,None,1,1,0.5000019073486328,0.4999980926513672,0.500002384185791,0.499997615814209
False,cifar10,168,168,51.461804608416074,0.4999638795852661,0.49995672702789307,499,None,4,4,0.4999648332595825,0.49995577335357666,0.4999655485153198,0.49995505809783936
False,cifar10,169,691,66.97824070746566,0.4996844232082367,0.49967464804649353,499,None,1,1,0.4996846616268158,0.49967440962791443,0.49968644976615906,0.49967262148857117
True,cifar10,171,90,56.79865866486224,0.48874881863594055,0.4887389540672302,59,56.7986440177732,3,2,0.4887439012527466,0.48874378204345703,0.4887450039386749,0.4887425899505615
False,cifar10,172,866,53.082397622432524,0.5000047087669373,0.4999951720237732,499,None,0,0,0.5000056624412537,0.4999942183494568,0.5000054240226746,0.4999944567680359
True,cifar10,173,41,67.5179968573218,0.5000030994415283,0.49999547004699707,92,67.5179822202988,8,0,0.5000007152557373,0.4999978542327881,0.4999992847442627,0.4999992847442627
True,cifar10,174,316,57.46834800597422,0.4995670020580292,0.49956032633781433,466,57.46833257062167,2,4,0.49956390261650085,0.49956342577934265,0.4995652139186859,0.4995621144771576
False,cifar10,175,1491,49.91623193724401,0.4999426603317261,0.499933123588562,499,None,6,6,0.4999430179595947,0.49993276596069336,0.4999420642852783,0.49993371963500977
False,cifar10,176,0,None,1.0,9.178526383379904e-09,None,None,None,None,None,None,None,None
True,cifar10,177,54,68.0726582178252,0.4984855055809021,0.4984847903251648,10,68.07266217760038,3,5,0.49848562479019165,0.49848467111587524,0.4984869956970215,0.49848341941833496
False,cifar10,178,224,60.36756754500884,0.4950706660747528,0.49506428837776184,499,None,4,4,0.49507269263267517,0.49506208300590515,0.4950713515281677,0.49506357312202454
True,cifar10,179,113,55.78784569541503,0.49951308965682983,0.49950331449508667,53,55.78783858225943,2,0,0.49950867891311646,0.49950772523880005,0.49950873851776123,0.4995075464248657
True,cifar10,180,75,59.04679136328075,0.4778326749801636,0.47782379388809204,32,59.04675171981161,3,0,0.4778285026550293,0.4778280556201935,0.4778287708759308,0.47782763838768005
False,cifar10,181,1999,None,0.4991579055786133,0.49913862347602844,None,None,None,None,None,None,None,None
False,cifar10,182,470,58.079763742650556,0.314809650182724,0.3147997260093689,499,None,0,0,0.3148086965084076,0.314801424741745,0.31480827927589417,0.314800888299942
False,cifar10,183,74,70.20363373485422,0.4877777695655823,0.48777124285697937,499,None,6,6,0.48777782917022705,0.487771213054657,0.4877782166004181,0.4877708852291107
True,cifar10,184,120,63.039536957493695,0.49992668628692627,0.4999178647994995,30,63.03951160696002,3,5,0.4999229907989502,0.4999215602874756,0.49992358684539795,0.49992096424102783
True,cifar10,185,60,73.16193204564775,0.4790606200695038,0.4790511429309845,130,73.16177483029084,2,7,0.479059636592865,0.4790525436401367,0.47905611991882324,0.4790555536746979
False,cifar10,186,0,None,1.0,3.9929278717355527e-16,None,None,None,None,None,None,None,None
False,cifar10,187,280,55.558862393343574,0.4995952546596527,0.49958619475364685,499,None,3,3,0.49959561228752136,0.4995858371257782,0.49959585070610046,0.4995855987071991
False,cifar10,188,693,81.05552802166764,0.499258428812027,0.4992488920688629,499,None,8,8,0.4992596209049225,0.4992477297782898,0.4992578327655792,0.49924948811531067
False,cifar10,189,1999,None,0.4992154538631439,0.4991952180862427,None,None,None,None,None,None,None,None
False,cifar10,190,197,58.36645393575193,0.4996326267719269,0.4996228516101837,499,None,0,0,0.49963298439979553,0.49962249398231506,0.4996282160282135,0.4996272623538971
False,cifar10,191,1999,None,0.48881444334983826,0.4887799322605133,None,None,None,None,None,None,None,None
False,cifar10,192,82,80.57364174521157,0.4999070465564728,0.49989762902259827,499,None,7,7,0.4999035894870758,0.4999009668827057,0.499904066324234,0.49990060925483704
True,cifar10,193,227,58.98217794903796,0.49997472763061523,0.4999713897705078,0,58.98217794903796,0,8,0.4999732971191406,0.4999728202819824,0.4999732971191406,0.4999728202819824
False,cifar10,194,700,54.96545911032648,0.49969589710235596,0.4996861219406128,499,None,6,6,0.49969613552093506,0.4996858835220337,0.4996957778930664,0.49968624114990234
False,cifar10,195,587,52.656740250805655,0.4999871850013733,0.49997764825820923,499,None,2,2,0.49998706579208374,0.4999777674674988,0.4999852776527405,0.49997955560684204
False,cifar10,196,146,58.3927268803523,0.4965139329433441,0.4965042173862457,499,None,8,8,0.49651139974594116,0.4965066611766815,0.4965124726295471,0.49650561809539795
False,cifar10,197,1122,55.30076912453231,0.49968287348747253,0.4996732175350189,499,None,5,5,0.49968263506889343,0.499673455953598,0.4996834695339203,0.49967262148857117
False,cifar10,198,681,68.14619775958138,0.5000040531158447,0.4999959468841553,499,None,0,0,0.5000030994415283,0.4999969005584717,0.5000038146972656,0.4999961853027344
False,cifar10,199,526,70.22743108459076,0.4999161958694458,0.49990689754486084,499,None,3,3,0.49991679191589355,0.4999063014984131,0.4999157190322876,0.49990737438201904
False,cifar10,200,427,70.5834748449596,0.3697711229324341,0.36976179480552673,499,None,3,3,0.3697707951068878,0.3697625398635864,0.36976897716522217,0.3697644770145416
False,imagenet,42,218,73.94653590207722,0.3518052399158478,0.3517955243587494,999,None,253,253,0.35180115699768066,0.3517998158931732,0.3518020212650299,0.3517986536026001
False,imagenet,43,1823,73.27490209546978,0.39939963817596436,0.39938974380493164,499,None,880,880,0.3994010090827942,0.3993888199329376,0.3993970453739166,0.3993913233280182
False,imagenet,44,1999,None,0.13089784979820251,0.13087762892246246,None,None,None,None,None,None,None,None
False,imagenet,45,1999,None,0.13171204924583435,0.1315847486257553,None,None,None,None,None,None,None,None
